<?xml version="1.0" encoding="UTF-8"?>
<appian-component-plugin name="Map Component Plug-in" key="com.mycorp.sample.map">
  <plugin-info>
    <description>Realidad Aumentada de coolers KOF</description>
    <vendor name="Appian" url="http://www.appian.com" />
    <support supported="true" email="support@appian.com" url="https://community.appian.com"/>
    <version>1.0</version>
  </plugin-info>

  <component rule-name="mapField" version="1.0.0">
    <sdk-version>2.0.0</sdk-version>
    <icon-name>arrows-v</icon-name>
    <html-entry-point>index.html</html-entry-point>
    <supported-user-agents>chrome firefox ie11 edge safari mobile</supported-user-agents>
  </component>
</appian-component-plugin>